SHOW CON_NAME;
ALTER SESSION SET CONTAINER = XEPDB1;

CREATE USER ESTETICA IDENTIFIED BY "1234";
GRANT CONNECT, RESOURCE TO ESTETICA;
GRANT CREATE TABLE, CREATE TRIGGER, CREATE VIEW TO ESTETICA;

GRANT CREATE TABLE TO ESTETICA; 
GRANT UNLIMITED TABLESPACE TO ESTETICA; 
GRANT CONNECT, RESOURCE TO ESTETICA;


SELECT he.idHorarioEmpleado, e.Nombres, e.ApePaterno, e.ApeMaterno, e.Telefono, 
                    h.Dias, 
                   CASE 
                       WHEN TO_CHAR(h.HoraInicio, 'HH24:MI') = '08:00' AND TO_CHAR(h.HoraFin, 'HH24:MI') = '14:00' THEN 'MAÑANA' 
                      WHEN TO_CHAR(h.HoraInicio, 'HH24:MI') = '14:00' AND TO_CHAR(h.HoraFin, 'HH24:MI') = '20:00' THEN 'TARDE' 
                     WHEN TO_CHAR(h.HoraInicio, 'HH24:MI') = '08:00' AND TO_CHAR(h.HoraFin, 'HH24:MI') = '20:00' THEN 'COMPLETO' 
                      ELSE 'OTRO' 
                    END as NombreTurno, 
                    he.FechaInicio, he.FechaFin, he.Estado 
                    FROM HORARIO_EMPLEADO_HA_E he 
                    INNER JOIN EMPLEADOS_HA_E e ON he.idEmpleado = e.idEmpleado 
                    INNER JOIN HORARIOS_HA_E h ON he.idHorario = h.idHorario 
                    ORDER BY TO_NUMBER(SUBSTR(he.idHorarioEmpleado, 3)) ASC;
                   
--NUEVA TABLA 
SELECT *FROM HORARIO_EMPLEADO_HA_E;
DELETE FROM HORARIOS_HA_E
WHERE idHorario = 'HE0000013';

COMMIT;
ALTER TABLE HORARIO_EMPLEADO_HA_E
ADD CONSTRAINT ck_estado_horarioempleado 
CHECK (Estado IN ('ACTIVO','INACTIVO','ANULADO'));
CREATE TABLE HORARIO_EMPLEADO_HA_E(
    idHorarioEmpleado char(10) PRIMARY KEY NOT NULL,
    idEmpleado char(10) NOT NULL,
    idHorario char(10) NOT NULL,
    FechaInicio DATE NOT NULL,
    FechaFin     DATE NOT NULL,
    Estado varchar(20) NOT NULL,
    
    CONSTRAINT ck_estado_horarioempleado CHECK (Estado IN ('ACTIVO','INACTIVO','ANULADO')),
    CONSTRAINT fk_idempleado_horarioempleado FOREIGN KEY (idEmpleado) REFERENCES EMPLEADOS_HA_E(idEmpleado),
    CONSTRAINT fk_idhorario_horarioempleado FOREIGN KEY (idHorario) REFERENCES HORARIOS_HA_E(idHorario)
);

-- EMP0000001: Empezó el 2 de enero (primer día hábil) en turno Mañana (HOR0000001).
-- Pero en mayo se le cambió de turno a la Tarde. Por lo tanto, este primer registro ya caducó (INACTIVO).
INSERT INTO HORARIO_EMPLEADO_HA_E VALUES('HE0000001','EMP0000001','HOR0000001',TO_DATE('02/01/2026','DD/MM/YYYY'),TO_DATE('31/05/2026','DD/MM/YYYY'),'INACTIVO');

-- EMP0000002: Empleado fijo, muy estable. Entró el 2 de enero en turno Tarde (HOR0000002) y sigue todo el año.
INSERT INTO HORARIO_EMPLEADO_HA_E VALUES('HE0000002','EMP0000002','HOR0000002',TO_DATE('02/01/2026','DD/MM/YYYY'),TO_DATE('31/12/2026','DD/MM/YYYY'),'ACTIVO');

-- EMP0000003: Se le hizo un contrato de prueba de solo 3 meses en turno Interdiario (HOR0000003).
-- Como ya pasó su fecha, el registro del horario está INACTIVO.
INSERT INTO HORARIO_EMPLEADO_HA_E VALUES('HE0000003','EMP0000003','HOR0000003',TO_DATE('05/01/2026','DD/MM/YYYY'),TO_DATE('05/04/2026','DD/MM/YYYY'),'INACTIVO');


-- ==========================================
-- CASO 2: INGRESOS DE FEBRERO Y MARZO
-- ==========================================

-- EMP0000004: Entró a quincena de febrero. Horario fijo de Mitad de semana (HOR0000006).
INSERT INTO HORARIO_EMPLEADO_HA_E VALUES('HE0000004','EMP0000004','HOR0000006',TO_DATE('16/02/2026','DD/MM/YYYY'),TO_DATE('31/12/2026','DD/MM/YYYY'),'ACTIVO');

-- EMP0000005: Entró a inicios de marzo, pero renunció al mes. Se le dio de baja rápida (INACTIVO).
INSERT INTO HORARIO_EMPLEADO_HA_E VALUES('HE0000005','EMP0000005','HOR0000002',TO_DATE('02/03/2026','DD/MM/YYYY'),TO_DATE('31/03/2026','DD/MM/YYYY'),'INACTIVO');

-- EMP0000006: Contratado en la expansión de marzo por campaña de 6 meses (Mañana).
INSERT INTO HORARIO_EMPLEADO_HA_E VALUES('HE0000006','EMP0000006','HOR0000001',TO_DATE('09/03/2026','DD/MM/YYYY'),TO_DATE('09/09/2026','DD/MM/YYYY'),'ACTIVO');


-- ==========================================
-- CASO 3: ALTA DEMANDA Y REFUERZOS
-- ==========================================

-- EMP0000008: Ingresó en abril para cubrir turno interdiario tarde (HOR0000004).
INSERT INTO HORARIO_EMPLEADO_HA_E VALUES('HE0000007','EMP0000008','HOR0000004',TO_DATE('06/04/2026','DD/MM/YYYY'),TO_DATE('31/12/2026','DD/MM/YYYY'),'ACTIVO');

-- EMP0000010: Refuerzo de SOLO DOMINGOS (HOR0000008). Empezó el primer domingo de mayo (03/05).
INSERT INTO HORARIO_EMPLEADO_HA_E VALUES('HE0000008','EMP0000010','HOR0000008',TO_DATE('03/05/2026','DD/MM/YYYY'),TO_DATE('27/12/2026','DD/MM/YYYY'),'ACTIVO');


-- ==========================================
-- CASO 4: ROTACIONES (¡El poder de esta tabla!)
-- ==========================================

-- ¿Recuerdas a EMP0000001 del inicio? Aquí está su NUEVO horario.
-- A partir de junio se le pasó al turno Tarde (HOR0000002).
INSERT INTO HORARIO_EMPLEADO_HA_E VALUES('HE0000009','EMP0000001','HOR0000002',TO_DATE('01/06/2026','DD/MM/YYYY'),TO_DATE('31/12/2026','DD/MM/YYYY'),'ACTIVO');

-- ¿Recuerdas a EMP0000003 que estaba a prueba?
-- Le fue bien y se le renovó en mayo a tiempo completo (HOR0000001).
INSERT INTO HORARIO_EMPLEADO_HA_E VALUES('HE0000010','EMP0000003','HOR0000001',TO_DATE('01/05/2026','DD/MM/YYYY'),TO_DATE('31/12/2026','DD/MM/YYYY'),'ACTIVO');

COMMIT;

-- TABLAS PRIMARIAS;
CREATE TABLE MARCAS_HA_E (
    idMarca CHAR(10) PRIMARY KEY,
    Nombre  VARCHAR2(25) NOT NULL
);

INSERT INTO MARCAS_HA_E VALUES ('MAR0000001','Oréal Professionnel');
INSERT INTO MARCAS_HA_E VALUES ('MAR0000002','Maybelline');
INSERT INTO MARCAS_HA_E VALUES ('MAR0000003','MAC Cosmetics');
INSERT INTO MARCAS_HA_E VALUES ('MAR0000004','Revlon Professional');
INSERT INTO MARCAS_HA_E VALUES ('MAR0000005','Mesoestetic');
INSERT INTO MARCAS_HA_E VALUES ('MAR0000006','Skeyndor');
INSERT INTO MARCAS_HA_E VALUES ('MAR0000007','Montibello');
INSERT INTO MARCAS_HA_E VALUES ('MAR0000008','Garnier');
INSERT INTO MARCAS_HA_E VALUES ('MAR0000009','Nyx Cosmetics');
INSERT INTO MARCAS_HA_E VALUES ('MAR0000010','Vichy');

CREATE TABLE CATEGORIAS_HA_E (
    idCategoria CHAR(10) PRIMARY KEY,
    Nombre  VARCHAR2(25) NOT NULL
);

INSERT INTO CATEGORIAS_HA_E VALUES ('CAT0000001','Cuidado capilar');
INSERT INTO CATEGORIAS_HA_E VALUES ('CAT0000002','Maquillaje');
INSERT INTO CATEGORIAS_HA_E VALUES ('CAT0000003','Cuidado facial');
INSERT INTO CATEGORIAS_HA_E VALUES ('CAT0000004','Depilación');
INSERT INTO CATEGORIAS_HA_E VALUES ('CAT0000005','Manicure y pedicure');
INSERT INTO CATEGORIAS_HA_E VALUES ('CAT0000006','Equipos eléctricos');
INSERT INTO CATEGORIAS_HA_E VALUES ('CAT0000007','Tratamientos corporales');
INSERT INTO CATEGORIAS_HA_E VALUES ('CAT0000008','Higiene y desinfección');
INSERT INTO CATEGORIAS_HA_E VALUES ('CAT0000009','Accesorios de belleza');
INSERT INTO CATEGORIAS_HA_E VALUES ('CAT0000010','Productos químicos');
INSERT INTO CATEGORIAS_HA_E VALUES ('CAT0000011','Protección personal');
INSERT INTO CATEGORIAS_HA_E VALUES ('CAT0000012','Fragancias');
SELECT *FROM EMPLEADOS_HA_e;

CREATE TABLE EMPLEADOS_HA_E (
    idEmpleado   CHAR(10) PRIMARY KEY,
    TipoDOI      VARCHAR2(25) NOT NULL,
    NumDOI       VARCHAR2(15) NOT NULL UNIQUE,
    ApePaterno   VARCHAR2(60) NOT NULL,
    ApeMaterno   VARCHAR2(60) NOT NULL,
    Nombres      VARCHAR2(60) NOT NULL,
    Telefono     VARCHAR2(9) NOT NULL UNIQUE,
    Email        VARCHAR2(75) NOT NULL UNIQUE,
    TelefonoEmergencia   VARCHAR2(9),
    Estado              number(1) DEFAULT 1 NOT NULL, 
    CONSTRAINT chk_EmpleadoTipoDOI CHECK (TipoDOI IN ('DNI', 'PASAPORTE', 'CARNET DE EXTRANJERÍA', 'CPP/PTP')),
    CONSTRAINT chk_EmpleadoNumDOI CHECK (REGEXP_LIKE(NumDOI, '^[0-9]{8,15}$')),
    CONSTRAINT chk_EmpleadoTelefonoU CHECK (REGEXP_LIKE(Telefono, '^[0-9]{9}$')),
    CONSTRAINT chk_EmpleadoTelefonoD CHECK (REGEXP_LIKE(TelefonoEmergencia, '^[0-9]{9}$')),
    CONSTRAINT chk_EmpleadoEstado CHECK (Estado IN (0, 1))
);
INSERT INTO EMPLEADOS_HA_E VALUES ('EMP0000001','DNI','12345678','PEREZ','LOPEZ','MARIA','987654321','maria@gmail.com','912345678',1);
INSERT INTO EMPLEADOS_HA_E VALUES ('EMP0000002','DNI','87654321','GARCIA','RAMOS','ANA','987654322','ana@gmail.com','912345679',1);
INSERT INTO EMPLEADOS_HA_E VALUES ('EMP0000003','DNI','45678912','TORRES','DIAZ','LUISA','987654323','luisa@gmail.com','912345670',1);
INSERT INTO EMPLEADOS_HA_E VALUES ('EMP0000004','DNI','74125896','FLORES','MENDOZA','KAREN','987654324','karen@gmail.com','912345671',1);
INSERT INTO EMPLEADOS_HA_E VALUES ('EMP0000005','DNI','85236974','ROJAS','SOTO','ELENA','987654325','elena@gmail.com','912345672',1);
INSERT INTO EMPLEADOS_HA_E VALUES ('EMP0000006','DNI','96325874','CASTRO','VEGA','PAOLA','987654326','paola@gmail.com','912345673',1);
INSERT INTO EMPLEADOS_HA_E VALUES ('EMP0000007','DNI','15975348','SALAZAR','CRUZ','DIANA','987654327','diana@gmail.com','912345674',1);
INSERT INTO EMPLEADOS_HA_E VALUES ('EMP0000008','DNI','32165498','NAVARRO','REYES','SOFIA','987654328','sofia@gmail.com','912345675',1);
INSERT INTO EMPLEADOS_HA_E VALUES ('EMP0000009','DNI','65498712','AGUILAR','PINO','VALERIA','987654329','valeria@gmail.com','912345676',1);
INSERT INTO EMPLEADOS_HA_E VALUES ('EMP0000010','DNI','78912345','ROMERO','LUNA','CAMILA','987654330','camila@gmail.com','912345677',1);


CREATE TABLE CLIENTES_HA_E (
    idCliente char(10) PRIMARY KEY not null,
    ApePaterno varchar2(30) NOT NULL,
    ApeMaterno varchar2(30) NOT NULL,
    Nombres varchar2(50) NOT NULL,
    Telefono number(10) NOT NULL,
    Email varchar2(50),
    FechaRegistro date,
    Estado number(1),

    CONSTRAINT chk_estado CHECK (Estado IN (1, 0)),
    CONSTRAINT uq_email UNIQUE (Email)
    
);
INSERT INTO CLIENTES_HA_E VALUES ('CLI0000001','QUISPE','LOPEZ','JUAN',987111111,'juan@gmail.com',TO_DATE('02/12/2025','DD/MM/YYYY'),1);
INSERT INTO CLIENTES_HA_E VALUES ('CLI0000002','RAMOS','DIAZ','PEDRO',987111112,'pedro@gmail.com',TO_DATE('10/12/2025','DD/MM/YYYY'),1);
INSERT INTO CLIENTES_HA_E VALUES ('CLI0000003','FLORES','TORRES','CARLA',987111113,'carla@gmail.com',TO_DATE('18/12/2025','DD/MM/YYYY'),1);
INSERT INTO CLIENTES_HA_E VALUES ('CLI0000004','SOTO','PEREZ','LUIS',987111114,'luis@gmail.com',TO_DATE('28/12/2025','DD/MM/YYYY'),1);
INSERT INTO CLIENTES_HA_E VALUES ('CLI0000005','VEGA','CRUZ','ANA',987111115,'ana2@gmail.com',TO_DATE('05/01/2026','DD/MM/YYYY'),1);
INSERT INTO CLIENTES_HA_E VALUES ('CLI0000006','MENDOZA','CASTRO','ROSA',987111116,'rosa@gmail.com',TO_DATE('15/01/2026','DD/MM/YYYY'),1);
INSERT INTO CLIENTES_HA_E VALUES ('CLI0000007','REYES','SALAZAR','DIEGO',987111117,'diego@gmail.com',TO_DATE('25/01/2026','DD/MM/YYYY'),1);
INSERT INTO CLIENTES_HA_E VALUES ('CLI0000008','PINO','NAVARRO','ELIAS',987111118,'elias@gmail.com',TO_DATE('05/02/2026','DD/MM/YYYY'),1);
INSERT INTO CLIENTES_HA_E VALUES ('CLI0000009','LUNA','AGUILAR','MARTA',987111119,'marta@gmail.com',TO_DATE('20/02/2026','DD/MM/YYYY'),1);
INSERT INTO CLIENTES_HA_E VALUES ('CLI0000010','RUIZ','ROMERO','JORGE',987111120,'jorge@gmail.com',TO_DATE('15/03/2026','DD/MM/YYYY'),1);

CREATE TABLE ESPECIALIDADES_HA_E (
    idEspecialidad  CHAR(10) PRIMARY KEY,
    Nombre  VARCHAR2(30) NOT NULL,
    Estado  VARCHAR2(15) DEFAULT 'ACTIVO' NOT NULL,
    CONSTRAINT chk_EspecialidadEstado CHECK (Estado IN ('ACTIVA', 'INACTIVA'))
);
INSERT INTO ESPECIALIDADES_HA_E VALUES ('ESP0000001','PELUQUERIA','ACTIVA');
INSERT INTO ESPECIALIDADES_HA_E VALUES ('ESP0000002','MANICURE Y PEDICURE','ACTIVA');
INSERT INTO ESPECIALIDADES_HA_E VALUES ('ESP0000003','ESTETICA FACIAL','ACTIVA');
INSERT INTO ESPECIALIDADES_HA_E VALUES ('ESP0000004','DEPILACION','ACTIVA');
INSERT INTO ESPECIALIDADES_HA_E VALUES ('ESP0000005','MASAJES','ACTIVA');

CREATE TABLE TIPOS_MEMBRESIA_HA_E (
    idTipoMembresia CHAR(10) PRIMARY KEY,
    Tipo            VARCHAR2(50),
    Precio          NUMBER(6,2) NOT NULL,
    DuracionMeses   NUMBER(2) NOT NULL,
    PorcDescuento   NUMBER(2) NOT NULL,
    Estado          VARCHAR2(15) DEFAULT 'ACTIVA' NOT NULL,
    CONSTRAINT chk_MembresiaTipo CHECK (Tipo IN ('BÁSICA', 'ESTÁNDAR', 'PREMIUM', 'PLATINUM')),
    CONSTRAINT chk_MembresiaDuracion CHECK (DuracionMeses BETWEEN 1 AND 12),
    CONSTRAINT chk_MembresiaDescuento CHECK (PorcDescuento BETWEEN 1 AND 45),
    CONSTRAINT chk_MembresiaEstado CHECK (Estado IN ('ACTIVA', 'INACTIVA'))
);
INSERT INTO TIPOS_MEMBRESIA_HA_E VALUES ('MEM0000001','BÁSICA',50,1,5,'ACTIVA');
INSERT INTO TIPOS_MEMBRESIA_HA_E VALUES ('MEM0000002','ESTÁNDAR',120,3,10,'ACTIVA');
INSERT INTO TIPOS_MEMBRESIA_HA_E VALUES ('MEM0000003','PREMIUM',200,6,20,'ACTIVA');
INSERT INTO TIPOS_MEMBRESIA_HA_E VALUES ('MEM0000004','PLATINUM',350,12,30,'ACTIVA');

CREATE TABLE CUPONES_HA_E (
    idCupon char(10) PRIMARY KEY NOT NULL,
    Descripcion varchar2(30),
    PorcDescuento number(5,2),
    Descuento number(5,2),
    FechaInicio DATE,
    FechaFin DATE,
    Estado number(1),
    
    CONSTRAINT chk_DescuentoPorcDescuentoIsNull CHECK (
        (Descuento IS NOT NULL AND PorcDescuento IS NULL) OR 
        (Descuento IS NULL AND PorcDescuento IS NOT NULL)),
        
    CONSTRAINT chk_estado_CUPONES CHECK (Estado IN (1, 0)),
    CONSTRAINT chk_porcentaje_CUPONES CHECK ( PorcDescuento BETWEEN 0 AND 100)
    
);
INSERT INTO CUPONES_HA_E VALUES ('CUP0000001','BIENVENIDA',10,NULL,TO_DATE('01/01/2026','DD/MM/YYYY'),TO_DATE('31/12/2026','DD/MM/YYYY'),1);
INSERT INTO CUPONES_HA_E VALUES ('CUP0000002','VERANO',20,NULL,TO_DATE('21/12/2025','DD/MM/YYYY'),TO_DATE('20/03/2026','DD/MM/YYYY'),1);
INSERT INTO CUPONES_HA_E VALUES ('CUP0000003','FIESTAS',NULL,15,TO_DATE('15/12/2025','DD/MM/YYYY'),TO_DATE('31/12/2025','DD/MM/YYYY'),0);
INSERT INTO CUPONES_HA_E VALUES ('CUP0000004','CLIENTE_FRECUENTE',25,NULL,TO_DATE('01/01/2026','DD/MM/YYYY'),TO_DATE('31/12/2026','DD/MM/YYYY'),1);
INSERT INTO CUPONES_HA_E VALUES ('CUP0000005','SAN_VALENTIN',NULL,20,TO_DATE('10/02/2026','DD/MM/YYYY'),TO_DATE('14/02/2026','DD/MM/YYYY'),0);

CREATE TABLE MEDIOS_PAGO_HA_E (
    idMedioPago char(10) PRIMARY KEY NOT NULL,
    Nombre varchar2(30)
);
INSERT INTO MEDIOS_PAGO_HA_E VALUES ('MP00000001','EFECTIVO');
INSERT INTO MEDIOS_PAGO_HA_E VALUES ('MP00000002','YAPE');
INSERT INTO MEDIOS_PAGO_HA_E VALUES ('MP00000003','PLIN');
INSERT INTO MEDIOS_PAGO_HA_E VALUES ('MP00000004','TARJETA');


-- TABLAS SECUNDARIAS;
CREATE TABLE CITAS_HA_E (
    idCita char (10) PRIMARY KEY NOT NULL,
    idCliente char(10) NOT NULL,
    idEmpleado char(10) NOT NULL,
    idCupon char(10) NULL,
    FechaHora DATE NOT NULL,
    Observacion varchar2(30),
    Estado number(1),
    
    CONSTRAINT chk_estado_CITAS CHECK (Estado IN (1, 0)),
    CONSTRAINT fk_idcliente_CITAS FOREIGN KEY (idCliente) REFERENCES CLIENTES_HA_E (idCliente),
    CONSTRAINT fk_idempleado_CITAS FOREIGN KEY (idEmpleado) REFERENCES EMPLEADOS_HA_E (idEmpleado),
    CONSTRAINT fk_idcupon_CITAS FOREIGN KEY (idCupon) REFERENCES CUPONES_HA_E (idCupon)

);
INSERT INTO CITAS_HA_E VALUES ('CIT0000001','CLI0000001','EMP0000001',NULL,TO_DATE('05/03/2026 09:00','DD/MM/YYYY HH24:MI'),'Corte',1);
INSERT INTO CITAS_HA_E VALUES ('CIT0000002','CLI0000002','EMP0000002','CUP0000002',TO_DATE('06/03/2026 14:00','DD/MM/YYYY HH24:MI'),'Depilación',1);
INSERT INTO CITAS_HA_E VALUES ('CIT0000003','CLI0000003','EMP0000003',NULL,TO_DATE('07/03/2026 10:00','DD/MM/YYYY HH24:MI'),'Facial',1);
INSERT INTO CITAS_HA_E VALUES ('CIT0000004','CLI0000004','EMP0000004','CUP0000001',TO_DATE('08/03/2026 11:00','DD/MM/YYYY HH24:MI'),'Manicure',1);
INSERT INTO CITAS_HA_E VALUES ('CIT0000005','CLI0000005','EMP0000005',NULL,TO_DATE('09/03/2026 09:30','DD/MM/YYYY HH24:MI'),'Facial',1);
INSERT INTO CITAS_HA_E VALUES ('CIT0000006','CLI0000006','EMP0000001','CUP0000002',TO_DATE('10/03/2026 15:00','DD/MM/YYYY HH24:MI'),'Depilación',1);
INSERT INTO CITAS_HA_E VALUES ('CIT0000007','CLI0000007','EMP0000010',NULL,TO_DATE('11/03/2026 16:00','DD/MM/YYYY HH24:MI'),'Masaje',1);
INSERT INTO CITAS_HA_E VALUES ('CIT0000008','CLI0000008','EMP0000003','CUP0000003',TO_DATE('12/03/2026 10:00','DD/MM/YYYY HH24:MI'),'Manicure',1);
INSERT INTO CITAS_HA_E VALUES ('CIT0000009','CLI0000009','EMP0000002',NULL,TO_DATE('13/03/2026 13:00','DD/MM/YYYY HH24:MI'),'Corte',1);
INSERT INTO CITAS_HA_E VALUES ('CIT0000010','CLI0000010','EMP0000001','CUP0000002',TO_DATE('15/03/2026 09:00','DD/MM/YYYY HH24:MI'),'Facial',1);

CREATE TABLE CONTRATOS_HA_E (
    idContrato    CHAR(10) PRIMARY KEY,
    idEmpleado    CHAR(10) NOT NULL,
    FechaInicio   DATE NOT NULL,
    FechaFin      DATE NOT NULL,
    Rol           VARCHAR2(25) NOT NULL,
    Estado        VARCHAR2(10) DEFAULT 'ACTIVO' NOT NULL,
    CONSTRAINT fk_ContratoEmpleado FOREIGN KEY (idEmpleado) REFERENCES EMPLEADOS_HA_E(idEmpleado),
    CONSTRAINT chk_ContratoRol CHECK (Rol IN ('GERENTA', 'ADMINISTRADORA', 'SECRETARIA', 'EMPLEADA')),
    CONSTRAINT chk_ContratoEstado CHECK (Estado IN ('ACTIVO', 'INACTIVO', 'ANULADO'))
);
SELECT *FROM CONTRATOS_HA_E;
INSERT INTO CONTRATOS_HA_E VALUES ('CON0000001','EMP0000001',TO_DATE('01/01/2025','DD/MM/YYYY'),TO_DATE('31/12/2026','DD/MM/YYYY'),'EMPLEADA','ACTIVO');
INSERT INTO CONTRATOS_HA_E VALUES ('CON0000002','EMP0000002',TO_DATE('01/03/2025','DD/MM/YYYY'),TO_DATE('31/12/2026','DD/MM/YYYY'),'EMPLEADA','ACTIVO');
INSERT INTO CONTRATOS_HA_E VALUES ('CON0000003','EMP0000003',TO_DATE('01/06/2025','DD/MM/YYYY'),TO_DATE('31/12/2026','DD/MM/YYYY'),'EMPLEADA','ACTIVO');
INSERT INTO CONTRATOS_HA_E VALUES ('CON0000004','EMP0000004',TO_DATE('01/09/2025','DD/MM/YYYY'),TO_DATE('31/12/2026','DD/MM/YYYY'),'EMPLEADA','ACTIVO');
INSERT INTO CONTRATOS_HA_E VALUES ('CON0000005','EMP0000005',TO_DATE('01/12/2025','DD/MM/YYYY'),TO_DATE('31/12/2026','DD/MM/YYYY'),'EMPLEADA','ACTIVO');
INSERT INTO CONTRATOS_HA_E VALUES ('CON0000006','EMP0000006',TO_DATE('01/02/2025','DD/MM/YYYY'),TO_DATE('31/12/2025','DD/MM/YYYY'),'EMPLEADA','INACTIVO');COMMIT;
INSERT INTO CONTRATOS_HA_E VALUES ('CON0000007','EMP0000007',TO_DATE('01/04/2025','DD/MM/YYYY'),TO_DATE('31/12/2025','DD/MM/YYYY'),'EMPLEADA','INACTIVO');COMMIT;
INSERT INTO CONTRATOS_HA_E VALUES ('CON0000008','EMP0000008',TO_DATE('01/07/2025','DD/MM/YYYY'),TO_DATE('31/12/2026','DD/MM/YYYY'),'SECRETARIA','ACTIVO');COMMIT;
INSERT INTO CONTRATOS_HA_E VALUES ('CON0000009','EMP0000009',TO_DATE('01/08/2025','DD/MM/YYYY'),TO_DATE('31/12/2026','DD/MM/YYYY'),'ADMINISTRADORA','ACTIVO');COMMIT;
INSERT INTO CONTRATOS_HA_E VALUES ('CON0000010','EMP0000010',TO_DATE('01/10/2025','DD/MM/YYYY'),TO_DATE('31/12/2026','DD/MM/YYYY'),'EMPLEADA','ACTIVO');
COMMIT;

CREATE TABLE EMPLEADO_ESPECIALIDAD_HA_E (
    idEmpleadoespecialidad  CHAR(10) PRIMARY KEY,
    idEmpleado      CHAR(10) NOT NULL,
    idEspecialidad  CHAR(10) NOT NULL,
    CONSTRAINT fk_EmpleadoEspecialidadEmpleado FOREIGN KEY (idEmpleado) REFERENCES EMPLEADOS_HA_E(idEmpleado),
    CONSTRAINT fk_EmpleadoEspecialidadEspecialidad FOREIGN KEY (idEspecialidad) REFERENCES ESPECIALIDADES_HA_E(idEspecialidad)
);
INSERT INTO EMPLEADO_ESPECIALIDAD_HA_E VALUES ('EE00000001','EMP0000001','ESP0000001'); -- Corte
INSERT INTO EMPLEADO_ESPECIALIDAD_HA_E VALUES ('EE00000002','EMP0000001','ESP0000002'); -- Manicure
INSERT INTO EMPLEADO_ESPECIALIDAD_HA_E VALUES ('EE00000003','EMP0000001','ESP0000003'); -- Facial
INSERT INTO EMPLEADO_ESPECIALIDAD_HA_E VALUES ('EE00000004','EMP0000001','ESP0000004'); -- Depilación

INSERT INTO EMPLEADO_ESPECIALIDAD_HA_E VALUES ('EE00000005','EMP0000002','ESP0000001'); -- Corte
INSERT INTO EMPLEADO_ESPECIALIDAD_HA_E VALUES ('EE00000006','EMP0000002','ESP0000004'); -- Depilación

INSERT INTO EMPLEADO_ESPECIALIDAD_HA_E VALUES ('EE00000007','EMP0000003','ESP0000002'); -- Manicure
INSERT INTO EMPLEADO_ESPECIALIDAD_HA_E VALUES ('EE00000008','EMP0000003','ESP0000003'); -- Facial
INSERT INTO EMPLEADO_ESPECIALIDAD_HA_E VALUES ('EE00000009','EMP0000003','ESP0000004'); -- Depilación

INSERT INTO EMPLEADO_ESPECIALIDAD_HA_E VALUES ('EE00000010','EMP0000004','ESP0000002'); -- Manicure
INSERT INTO EMPLEADO_ESPECIALIDAD_HA_E VALUES ('EE00000011','EMP0000004','ESP0000005'); -- Masajes

INSERT INTO EMPLEADO_ESPECIALIDAD_HA_E VALUES ('EE00000012','EMP0000005','ESP0000003'); -- Facial
INSERT INTO EMPLEADO_ESPECIALIDAD_HA_E VALUES ('EE00000013','EMP0000005','ESP0000001'); -- Corte

-- EMPLEADO 10 (3 especialidades)
INSERT INTO EMPLEADO_ESPECIALIDAD_HA_E VALUES ('EE00000014','EMP0000010','ESP0000004'); -- Depilación
INSERT INTO EMPLEADO_ESPECIALIDAD_HA_E VALUES ('EE00000015','EMP0000010','ESP0000001'); -- Corte
INSERT INTO EMPLEADO_ESPECIALIDAD_HA_E VALUES ('EE00000016','EMP0000010','ESP0000005'); -- Masajes

CREATE TABLE HORARIO_ESPECIAL_HA_E (
    idHorarioEspecial char(10) PRIMARY KEY NOT NULL,
    idEmpleado char(10) NOT NULL,
    Tipo varchar2(40),
    FechaInicio DATE,
    FechaFin DATE,
    Estado number(1),
    CONSTRAINT chk_tipo CHECK (Tipo IN ('DESCANSO MEDICO','PERMISO','VACACIONES','LICENCIA POR MATERNIDAD')),
    CONSTRAINT chk_estado_HORARIO CHECK (Estado IN (1, 0)),
    CONSTRAINT fk_empleado_HORARIO FOREIGN KEY (idEmpleado) REFERENCES EMPLEADOS_HA_E(idEmpleado)
    
);
INSERT INTO HORARIO_ESPECIAL_HA_E VALUES ('HOR0000001','EMP0000001','PERMISO',TO_DATE('06/04/2025','DD/MM/YYYY'),TO_DATE('13/04/2025','DD/MM/YYYY'),1);
INSERT INTO HORARIO_ESPECIAL_HA_E VALUES ('HOR0000002','EMP0000002','VACACIONES',TO_DATE('25/05/2025','DD/MM/YYYY'),TO_DATE('08/06/2025','DD/MM/YYYY'),1);
INSERT INTO HORARIO_ESPECIAL_HA_E VALUES ('HOR0000003','EMP0000003','VACACIONES',TO_DATE('10/06/2025','DD/MM/YYYY'),TO_DATE('01/07/2025','DD/MM/YYYY'),1);
INSERT INTO HORARIO_ESPECIAL_HA_E VALUES ('HOR0000004','EMP0000004','VACACIONES',TO_DATE('10/08/2025','DD/MM/YYYY'),TO_DATE('12/09/2025','DD/MM/YYYY'),1);
INSERT INTO HORARIO_ESPECIAL_HA_E VALUES ('HOR0000005','EMP0000005','VACACIONES',TO_DATE('10/11/2025','DD/MM/YYYY'),TO_DATE('12/12/2025','DD/MM/YYYY'),1);
INSERT INTO HORARIO_ESPECIAL_HA_E VALUES ('HOR0000006','EMP0000008','LICENCIA POR MATERNIDAD',TO_DATE('10/02/2026','DD/MM/YYYY'),TO_DATE('12/03/2026','DD/MM/YYYY'),1);-- ADMINISTRADOR
INSERT INTO HORARIO_ESPECIAL_HA_E VALUES ('HOR0000007','EMP0000009','DESCANSO MEDICO',TO_DATE('10/01/2026','DD/MM/YYYY'),TO_DATE('12/02/2026','DD/MM/YYYY'),1);-- SECRETARIA
INSERT INTO HORARIO_ESPECIAL_HA_E VALUES ('HOR0000008','EMP0000010','VACACIONES',TO_DATE('01/03/2026','DD/MM/YYYY'),TO_DATE('31/03/2026','DD/MM/YYYY'),1);
COMMIT;


CREATE TABLE HORARIOS_HA_E (
    idHorario   CHAR(10) PRIMARY KEY,
    Tipo        VARCHAR2(20) NOT NULL,
    Dias        VARCHAR2(100) NOT NULL,
    HoraInicio  DATE NOT NULL, -- No agregar fecha
    HoraFin     DATE NOT NULL, -- No agregar fecha,
    Estado      VARCHAR2(12) DEFAULT 'ACTIVO' NOT NULL,
    
    CONSTRAINT chk_HorarioHoras CHECK (HoraFin > HoraInicio),
    CONSTRAINT chk_HorarioTipo CHECK (Tipo IN ('TODA_LA_SEMANA', 'INTERDIARIO', 'MITAD_DE_SEMANA', 'SOLO_DOMINGO', 'PERSONALIZADO')),
    CONSTRAINT chk_HorarioEstado CHECK (Estado IN ('ACTIVO', 'INACTIVO'))
);
-- 1. TODA_LA_SEMANA (Solo Mañana y Tarde)
INSERT INTO HORARIOS_HA_E VALUES ('HOR0000001','TODA_LA_SEMANA','Lunes a Sabado',TO_DATE('08:00','HH24:MI'),TO_DATE('14:00','HH24:MI'),'ACTIVO');
INSERT INTO HORARIOS_HA_E VALUES ('HOR0000002','TODA_LA_SEMANA','Lunes a Sabado',TO_DATE('14:00','HH24:MI'),TO_DATE('20:00','HH24:MI'),'ACTIVO');

-- 2. INTERDIARIO (Mañana, Tarde y Completo)
INSERT INTO HORARIOS_HA_E VALUES ('HOR0000003','INTERDIARIO','Lunes Miercoles Viernes',TO_DATE('08:00','HH24:MI'),TO_DATE('14:00','HH24:MI'),'ACTIVO');
INSERT INTO HORARIOS_HA_E VALUES ('HOR0000004','INTERDIARIO','Lunes Miercoles Viernes',TO_DATE('14:00','HH24:MI'),TO_DATE('20:00','HH24:MI'),'ACTIVO');
INSERT INTO HORARIOS_HA_E VALUES ('HOR0000005','INTERDIARIO','Lunes Miercoles Viernes',TO_DATE('08:00','HH24:MI'),TO_DATE('20:00','HH24:MI'),'ACTIVO');

-- 3. MITAD_DE_SEMANA (Solo Mañana y Tarde)
INSERT INTO HORARIOS_HA_E VALUES ('HOR0000006','MITAD_DE_SEMANA','Lunes a Miercoles',TO_DATE('08:00','HH24:MI'),TO_DATE('14:00','HH24:MI'),'ACTIVO');
INSERT INTO HORARIOS_HA_E VALUES ('HOR0000007','MITAD_DE_SEMANA','Lunes a Miercoles',TO_DATE('14:00','HH24:MI'),TO_DATE('20:00','HH24:MI'),'ACTIVO');

-- 4. SOLO_DOMINGO (Solo Completo)
INSERT INTO HORARIOS_HA_E VALUES ('HOR0000008','SOLO_DOMINGO','Domingo',TO_DATE('08:00','HH24:MI'),TO_DATE('20:00','HH24:MI'),'ACTIVO');

COMMIT;



SELECT h.idHorario, e.Nombres, TRIM(e.ApePaterno || ' ' || NVL(e.ApeMaterno, '')), h.DiaSemana, h.HoraInicio, h.HoraFin, h.Estado, e.idEmpleado 
FROM HORARIOS_HA_E h 
JOIN EMPLEADOS_HA_E e ON h.idEmpleado = e.idEmpleado 
ORDER BY TO_NUMBER(SUBSTR(h.idHorario, 2))

CREATE TABLE SERVICIOS_HA_E (
    idServicios      CHAR(10) PRIMARY KEY,
    idEspecialidad   CHAR(10) NOT NULL,
    Nombre           VARCHAR2(50) NOT NULL,
    Descripcion      VARCHAR2(250),
    Precio           NUMBER(5,2) NOT NULL,
    DuracionAprox    VARCHAR2(40) NOT NULL,
    Estado           VARCHAR2(15) DEFAULT 'DISPONIBLE' NOT NULL,
    CONSTRAINT fk_ServicioEspecialidad FOREIGN KEY (idEspecialidad) REFERENCES ESPECIALIDADES_HA_E(idEspecialidad),
    CONSTRAINT chk_ServicioPrecio CHECK (Precio > 0),
    CONSTRAINT chk_ServicioEstado CHECK (Estado IN ('DISPONIBLE', 'NO DISPONIBLE'))
);
INSERT INTO SERVICIOS_HA_E VALUES ('SER0000001','ESP0000001','Corte de cabello dama','Incluye lavado y secado',35,'40 min','DISPONIBLE');
INSERT INTO SERVICIOS_HA_E VALUES ('SER0000002','ESP0000001','Peinado profesional','Para eventos y ocasiones',45,'60 min','DISPONIBLE');
INSERT INTO SERVICIOS_HA_E VALUES ('SER0000003','ESP0000002','Manicure clásico','Limpieza y esmaltado',25,'45 min','DISPONIBLE');
INSERT INTO SERVICIOS_HA_E VALUES ('SER0000004','ESP0000002','Manicure semipermanente','Esmalte duradero',40,'60 min','DISPONIBLE');
INSERT INTO SERVICIOS_HA_E VALUES ('SER0000005','ESP0000003','Limpieza facial profunda','Extracción e hidratación',60,'70 min','DISPONIBLE');
INSERT INTO SERVICIOS_HA_E VALUES ('SER0000006','ESP0000003','Tratamiento facial hidratante','Piel seca/sensible',55,'60 min','DISPONIBLE');
INSERT INTO SERVICIOS_HA_E VALUES ('SER0000007','ESP0000004','Depilación piernas','Cera completa',50,'50 min','DISPONIBLE');
INSERT INTO SERVICIOS_HA_E VALUES ('SER0000008','ESP0000004','Depilación cejas','Perfilado de cejas',15,'20 min','DISPONIBLE');
INSERT INTO SERVICIOS_HA_E VALUES ('SER0000009','ESP0000005','Masaje relajante','Cuerpo completo',70,'60 min','DISPONIBLE');
INSERT INTO SERVICIOS_HA_E VALUES ('SER0000010','ESP0000005','Masaje descontracturante','Alivio muscular',80,'60 min','DISPONIBLE');


CREATE TABLE SUSCRIPCION_MEMBRESIA_HA_E (
    idSuscripcionMembresia char(10) PRIMARY KEY NOT NULL,
    idCliente char(10) NOT NULL,
    idTipoMembresia char(10) NOT NULL,
    FechaInicio DATE,
    fechaFin DATE,
    Estado number(1),
    
    CONSTRAINT chk_estado_SUSCRIPCION CHECK (Estado IN (1, 0)),
    CONSTRAINT fk_idcliente_SUSCRIPCION FOREIGN KEY (idCliente) REFERENCES CLIENTES_HA_E(idCliente),
    CONSTRAINT fk_idtipomembresia_SUSCRIPCION FOREIGN KEY (idTipoMembresia) REFERENCES TIPOS_MEMBRESIA_HA_E(idTipoMembresia)

);
INSERT INTO SUSCRIPCION_MEMBRESIA_HA_E VALUES ('SUS0000001','CLI0000001','MEM0000001',TO_DATE('01/01/2026','DD/MM/YYYY'),TO_DATE('01/04/2026','DD/MM/YYYY'),1);
INSERT INTO SUSCRIPCION_MEMBRESIA_HA_E VALUES ('SUS0000002','CLI0000003','MEM0000002',TO_DATE('15/01/2026','DD/MM/YYYY'),TO_DATE('15/04/2026','DD/MM/YYYY'),1);
INSERT INTO SUSCRIPCION_MEMBRESIA_HA_E VALUES ('SUS0000003','CLI0000005','MEM0000003',TO_DATE('01/12/2025','DD/MM/YYYY'),TO_DATE('01/06/2026','DD/MM/YYYY'),1);
INSERT INTO SUSCRIPCION_MEMBRESIA_HA_E VALUES ('SUS0000004','CLI0000007','MEM0000001',TO_DATE('01/09/2025','DD/MM/YYYY'),TO_DATE('01/12/2025','DD/MM/YYYY'),0);
INSERT INTO SUSCRIPCION_MEMBRESIA_HA_E VALUES ('SUS0000005','CLI0000009','MEM0000004',TO_DATE('01/01/2026','DD/MM/YYYY'),TO_DATE('01/01/2027','DD/MM/YYYY'),1);


CREATE TABLE PRODUCTOS_HA_E (
    idProducto      CHAR(10) PRIMARY KEY,
    idMarca         CHAR(10) NOT NULL,
    idCategoria     CHAR(10) NOT NULL,
    Descripcion     VARCHAR2(150),
    FechaCaducidad  DATE NOT NULL,
    Stock           NUMBER(3) NOT NULL,
    CONSTRAINT fk_ProductoMarca FOREIGN KEY (idMarca) REFERENCES MARCAS_HA_E(idMarca),
    CONSTRAINT fk_ProductoCategoria FOREIGN KEY (idCategoria) REFERENCES CATEGORIAS_HA_E(idCategoria)
);
INSERT INTO PRODUCTOS_HA_E VALUES ('PROD000001','MAR0000001','CAT0000001','Shampoo Oréal Absolut Repair',TO_DATE('10/12/2026','DD/MM/YYYY'),20);-- CABELLO 
INSERT INTO PRODUCTOS_HA_E VALUES ('PROD000002','MAR0000007','CAT0000001','Mascarilla capilar Montibello Hidratante',TO_DATE('15/11/2026','DD/MM/YYYY'),15);-- CABELLO 
INSERT INTO PRODUCTOS_HA_E VALUES ('PROD000003','MAR0000004','CAT0000001','Tinte profesional Revlon Colorsmetique',TO_DATE('05/09/2026','DD/MM/YYYY'),25);-- CABELLO 

INSERT INTO PRODUCTOS_HA_E VALUES ('PROD000004','MAR0000003','CAT0000002','Labial MAC Ruby Woo',TO_DATE('20/10/2027','DD/MM/YYYY'),10);-- MAQUILLAJE
INSERT INTO PRODUCTOS_HA_E VALUES ('PROD000005','MAR0000002','CAT0000002','Base Maybelline Fit Me',TO_DATE('18/08/2026','DD/MM/YYYY'),18);-- MAQUILLAJE
INSERT INTO PRODUCTOS_HA_E VALUES ('PROD000006','MAR0000009','CAT0000002','Paleta de sombras NYX Ultimate',TO_DATE('12/12/2027','DD/MM/YYYY'),8);-- MAQUILLAJE

INSERT INTO PRODUCTOS_HA_E VALUES ('PROD000007','MAR0000005','CAT0000003','Crema antiacné Mesoestetic',TO_DATE('01/12/2026','DD/MM/YYYY'),12);-- FACIAL
INSERT INTO PRODUCTOS_HA_E VALUES ('PROD000008','MAR0000006','CAT0000003','Serum facial Skeyndor Power Hyaluronic',TO_DATE('22/09/2026','DD/MM/YYYY'),10);-- FACIAL
INSERT INTO PRODUCTOS_HA_E VALUES ('PROD000009','MAR0000010','CAT0000003','Agua termal Vichy',TO_DATE('14/07/2027','DD/MM/YYYY'),14);-- FACIAL

INSERT INTO PRODUCTOS_HA_E VALUES ('PROD000010','MAR0000008','CAT0000004','Cera depilatoria Garnier',TO_DATE('25/06/2026','DD/MM/YYYY'),30);-- DEPILACIÓN
INSERT INTO PRODUCTOS_HA_E VALUES ('PROD000011','MAR0000008','CAT0000004','Bandas depilatorias corporales',TO_DATE('15/07/2026','DD/MM/YYYY'),25);-- DEPILACIÓN
INSERT INTO PRODUCTOS_HA_E VALUES ('PROD000012','MAR0000008','CAT0000004','Cera depilatoria en perlas profesional',TO_DATE('20/08/2026','DD/MM/YYYY'),28);-- DEPILACIÓN

INSERT INTO PRODUCTOS_HA_E VALUES ('PROD000013','MAR0000004','CAT0000005','Esmalte Revlon tono rosado',TO_DATE('22/03/2027','DD/MM/YYYY'),18);-- MANICURE
INSERT INTO PRODUCTOS_HA_E VALUES ('PROD000014','MAR0000009','CAT0000005','Removedor de esmalte profesional',TO_DATE('05/11/2026','DD/MM/YYYY'),20);-- MANICURE

INSERT INTO PRODUCTOS_HA_E VALUES ('PROD000015','MAR0000008','CAT0000008','Desinfectante para herramientas',TO_DATE('18/06/2027','DD/MM/YYYY'),30);-- HIGIENE
INSERT INTO PRODUCTOS_HA_E VALUES ('PROD000016','MAR0000008','CAT0000008','Jabón antibacterial líquido',TO_DATE('12/09/2027','DD/MM/YYYY'),35);-- HIGIENE

INSERT INTO PRODUCTOS_HA_E VALUES ('PROD000017','MAR0000009','CAT0000009','Limas de uñas profesional',TO_DATE('01/01/2028','DD/MM/YYYY'),40);-- ACCESORIOS

INSERT INTO PRODUCTOS_HA_E VALUES ('PROD000018','MAR0000007','CAT0000010','Ampollas capilares reparadoras',TO_DATE('25/12/2026','DD/MM/YYYY'),12);-- QUÍMICOS
INSERT INTO PRODUCTOS_HA_E VALUES ('PROD000019','MAR0000005','CAT0000010','Peeling químico facial profesional',TO_DATE('30/09/2026','DD/MM/YYYY'),8);-- QUÍMICOS

INSERT INTO PRODUCTOS_HA_E VALUES ('PROD000020','MAR0000003','CAT0000005','Esmalte gel color nude profesional',TO_DATE('10/02/2027','DD/MM/YYYY'),14);-- MANICURE
INSERT INTO PRODUCTOS_HA_E VALUES ('PROD000021','MAR0000008','CAT0000008','Toallas desechables faciales',TO_DATE('01/01/2028','DD/MM/YYYY'),50);-- HIGIENE

INSERT INTO PRODUCTOS_HA_E VALUES ('PROD000022','MAR0000009','CAT0000009','Esponjas de maquillaje profesional',TO_DATE('01/01/2029','DD/MM/YYYY'),20);-- ACCESORIOS
INSERT INTO PRODUCTOS_HA_E VALUES ('PROD000023','MAR0000009','CAT0000009','Pinzas para cejas profesional',TO_DATE('01/01/2029','DD/MM/YYYY'),15);-- ACCESORIOS

INSERT INTO PRODUCTOS_HA_E VALUES ('PROD000024','MAR0000001','CAT0000010','Peróxido 20 vol profesional',TO_DATE('14/08/2026','DD/MM/YYYY'),18);-- QUÍMICOS
INSERT INTO PRODUCTOS_HA_E VALUES ('PROD000025','MAR0000004','CAT0000010','Activador de color profesional',TO_DATE('10/10/2026','DD/MM/YYYY'),16);-- QUÍMICOS

-- TABLAS TERCIARIAS
CREATE TABLE DETALLE_CITA_HA_E (
    idDetalleCita   CHAR(14) PRIMARY KEY,
    idCita          CHAR(10) NOT NULL,
    idEmpleado      CHAR(10) NOT NULL,
    idServicios      CHAR(10) NOT NULL,
    Costo           NUMBER(5,2) NOT NULL,
    Descuento       NUMBER(2) NOT NULL,
    Estado          VARCHAR2(15) DEFAULT 'PENDIENTE' NOT NULL,
    CONSTRAINT fk_DetalleCitaCita FOREIGN KEY (idCita) REFERENCES CITAS_HA_E(idCita),
    CONSTRAINT fk_DetalleCitaEmpleado FOREIGN KEY (idEmpleado) REFERENCES EMPLEADOS_HA_E(idEmpleado),
    CONSTRAINT fk_DetalleCitaServicios FOREIGN KEY (idServicios) REFERENCES SERVICIOS_HA_E(idServicios),
    CONSTRAINT chk_DetalleCitaCosto CHECK (Costo > 1),
    CONSTRAINT chk_DetalleCitaEstado CHECK (Estado IN ('REALIZADO', 'PENDIENTE', 'ANULADO'))
);
-- CITA 1 (Cliente 1 → EMP 1 → Corte + Facial)
INSERT INTO DETALLE_CITA_HA_E VALUES ('DET0000000001','CIT0000001','EMP0000001','SER0000001',35,0,'REALIZADO');
INSERT INTO DETALLE_CITA_HA_E VALUES ('DET0000000002','CIT0000001','EMP0000001','SER0000005',60,5,'REALIZADO');
-- CITA 2 (Depilación)
INSERT INTO DETALLE_CITA_HA_E VALUES ('DET0000000003','CIT0000002','EMP0000002','SER0000007',50,0,'REALIZADO');
-- CITA 3 (Facial completo)
INSERT INTO DETALLE_CITA_HA_E VALUES ('DET0000000004','CIT0000003','EMP0000003','SER0000005',60,10,'REALIZADO');
INSERT INTO DETALLE_CITA_HA_E VALUES ('DET0000000005','CIT0000003','EMP0000003','SER0000006',55,5,'REALIZADO');
-- CITA 4 (Manicure)
INSERT INTO DETALLE_CITA_HA_E VALUES ('DET0000000006','CIT0000004','EMP0000004','SER0000003',25,0,'REALIZADO');
-- CITA 5 (Facial)
INSERT INTO DETALLE_CITA_HA_E VALUES ('DET0000000007','CIT0000005','EMP0000005','SER0000005',60,0,'REALIZADO');
-- CITA 6 (Depilación + cejas)
INSERT INTO DETALLE_CITA_HA_E VALUES ('DET0000000008','CIT0000006','EMP0000001','SER0000007',50,5,'REALIZADO');
INSERT INTO DETALLE_CITA_HA_E VALUES ('DET0000000009','CIT0000006','EMP0000001','SER0000008',15,0,'REALIZADO');
-- CITA 7 (Masaje completo)
INSERT INTO DETALLE_CITA_HA_E VALUES ('DET0000000010','CIT0000007','EMP0000010','SER0000009',70,10,'REALIZADO');
INSERT INTO DETALLE_CITA_HA_E VALUES ('DET0000000011','CIT0000007','EMP0000010','SER0000010',80,10,'REALIZADO');
-- CITA 8 (Manicure + semipermanente)
INSERT INTO DETALLE_CITA_HA_E VALUES ('DET0000000012','CIT0000008','EMP0000003','SER0000003',25,0,'REALIZADO');
INSERT INTO DETALLE_CITA_HA_E VALUES ('DET0000000013','CIT0000008','EMP0000003','SER0000004',40,5,'REALIZADO');
-- CITA 9 (Corte)
INSERT INTO DETALLE_CITA_HA_E VALUES ('DET0000000014','CIT0000009','EMP0000002','SER0000001',35,0,'REALIZADO');
-- CITA 10 (Facial completo)
INSERT INTO DETALLE_CITA_HA_E VALUES ('DET0000000015','CIT0000010','EMP0000001','SER0000005',60,5,'REALIZADO');
INSERT INTO DETALLE_CITA_HA_E VALUES ('DET0000000016','CIT0000010','EMP0000001','SER0000006',55,5,'REALIZADO');


CREATE TABLE PROMOCIONES_HA_E (
    idPromocion     CHAR(10) PRIMARY KEY,
    idServicios     CHAR(10),
    Nombre          VARCHAR2(50) NOT NULL,
    Descripción     VARCHAR2(250),
    PorcDescuento   NUMBER(2),
    Descuento       NUMBER(5,2),
    FechaInicio     DATE NOT NULL,
    FechaFin        DATE NOT NULL,
    Estado          VARCHAR2(15) DEFAULT 'ACTIVA' NOT NULL,
    CONSTRAINT fk_PromocionServicio_idservicio FOREIGN KEY (idServicios) REFERENCES SERVICIOS_HA_E(idServicios),
    CONSTRAINT chk_PromocionPorcDescuento_porcdescuento CHECK (PorcDescuento BETWEEN 1 AND 75),
    CONSTRAINT chk_PromocionDescuento_descuento CHECK (Descuento > 5),
    CONSTRAINT chk_DescuentoPorcDescuentoIsNull_ambos CHECK (
        (Descuento IS NOT NULL AND PorcDescuento IS NULL) OR 
        (Descuento IS NULL AND PorcDescuento IS NOT NULL))
);
-- VERANO (alta demanda de imagen personal)
INSERT INTO PROMOCIONES_HA_E VALUES ('PROM000001','SER0000001','Promo Corte Verano','Descuento en cortes por temporada verano',20,NULL,TO_DATE('01/01/2026','DD/MM/YYYY'),TO_DATE('31/03/2026','DD/MM/YYYY'),'ACTIVA');
INSERT INTO PROMOCIONES_HA_E VALUES ('PROM000002','SER0000003','Promo Tinte Mujer','Descuento en tintes seleccionados',NULL,15,TO_DATE('01/02/2026','DD/MM/YYYY'),TO_DATE('30/04/2026','DD/MM/YYYY'),'ACTIVA');
INSERT INTO PROMOCIONES_HA_E VALUES ('PROM000003','SER0000005','Promo Facial Verano','Limpieza facial profunda por temporada calor',25,NULL,TO_DATE('01/01/2026','DD/MM/YYYY'),TO_DATE('28/02/2026','DD/MM/YYYY'),'INACTIVA');
INSERT INTO PROMOCIONES_HA_E VALUES ('PROM000004','SER0000007','Promo Depilación Verano','Depilación corporal con descuento verano',NULL,10,TO_DATE('01/01/2026','DD/MM/YYYY'),TO_DATE('28/02/2026','DD/MM/YYYY'),'INACTIVA');
-- SAN VALENTÍN (febrero)
INSERT INTO PROMOCIONES_HA_E VALUES ('PROM000005','SER0000002','Promo San Valentín Peinado','Peinado especial para citas románticas',15,NULL,TO_DATE('10/02/2026','DD/MM/YYYY'),TO_DATE('14/02/2026','DD/MM/YYYY'),'INACTIVA');
INSERT INTO PROMOCIONES_HA_E VALUES ('PROM000006','SER0000005','Promo Facial Parejas','Limpieza facial en pareja con descuento',20,NULL,TO_DATE('10/02/2026','DD/MM/YYYY'),TO_DATE('14/02/2026','DD/MM/YYYY'),'INACTIVA');
-- CAMBIO DE ESTACIÓN (otoño)
INSERT INTO PROMOCIONES_HA_E VALUES ('PROM000007','SER0000003','Promo Cambio de Look','Descuento en tintes por cambio de estación',NULL,20,TO_DATE('01/03/2026','DD/MM/YYYY'),TO_DATE('30/04/2026','DD/MM/YYYY'),'ACTIVA');
INSERT INTO PROMOCIONES_HA_E VALUES ('PROM000008','SER0000004','Promo Hidratación Capilar','Tratamiento capilar con descuento',25,NULL,TO_DATE('01/03/2026','DD/MM/YYYY'),TO_DATE('31/05/2026','DD/MM/YYYY'),'ACTIVA');
-- DÍAS ESPECIALES (baja demanda → atraer clientes)
INSERT INTO PROMOCIONES_HA_E VALUES ('PROM000009','SER0000001','Promo Lunes de Corte','Descuento en cortes solo lunes',10,NULL,TO_DATE('01/03/2026','DD/MM/YYYY'),TO_DATE('30/06/2026','DD/MM/YYYY'),'ACTIVA');
INSERT INTO PROMOCIONES_HA_E VALUES ('PROM000010','SER0000006','Promo Manicure Miércoles','Descuento en manicure mitad de semana',NULL,5,TO_DATE('01/03/2026','DD/MM/YYYY'),TO_DATE('30/06/2026','DD/MM/YYYY'),'ACTIVA');
-- EVENTOS / FIESTAS
INSERT INTO PROMOCIONES_HA_E VALUES ('PROM000011','SER0000002','Promo Eventos','Peinados para eventos con descuento',20,NULL,TO_DATE('01/04/2026','DD/MM/YYYY'),TO_DATE('31/07/2026','DD/MM/YYYY'),'ACTIVA');
INSERT INTO PROMOCIONES_HA_E VALUES ('PROM000012','SER0000006','Promo Uñas Fiesta','Manicure para eventos especiales',15,NULL,TO_DATE('01/04/2026','DD/MM/YYYY'),TO_DATE('31/07/2026','DD/MM/YYYY'),'ACTIVA');
-- CLIENTES FRECUENTES
INSERT INTO PROMOCIONES_HA_E VALUES ('PROM000013','SER0000005','Promo Cliente Frecuente Facial','Descuento para clientes recurrentes',10,NULL,TO_DATE('01/01/2026','DD/MM/YYYY'),TO_DATE('31/12/2026','DD/MM/YYYY'),'ACTIVA');
INSERT INTO PROMOCIONES_HA_E VALUES ('PROM000014','SER0000003','Promo Cliente Frecuente Tinte','Beneficio especial en coloración',15,NULL,TO_DATE('01/01/2026','DD/MM/YYYY'),TO_DATE('31/12/2026','DD/MM/YYYY'),'ACTIVA');
-- FIN DE TEMPORADA / LIMPIEZA DE AGENDA
INSERT INTO PROMOCIONES_HA_E VALUES ('PROM000015','SER0000007','Promo Depilación Flash','Descuento rápido por baja demanda',NULL,8,TO_DATE('15/03/2026','DD/MM/YYYY'),TO_DATE('31/03/2026','DD/MM/YYYY'),'ACTIVA');
INSERT INTO PROMOCIONES_HA_E VALUES ('PROM000016','SER0000004','Promo Tratamiento Express','Tratamiento capilar rápido con descuento',12,NULL,TO_DATE('15/03/2026','DD/MM/YYYY'),TO_DATE('31/03/2026','DD/MM/YYYY'),'ACTIVA');

CREATE TABLE MEMBRESIA_SERVICIO_HA_E (
    idMembresiaServicio CHAR(10) PRIMARY KEY,
    idTipoMembresia     CHAR(10) NOT NULL,
    idServicios          CHAR(10) NOT NULL,
    CantidadGratuita    NUMBER(1) NOT NULL,
    CONSTRAINT fk_MembresiaServicioMembresia FOREIGN KEY (idTipoMembresia) REFERENCES TIPOS_MEMBRESIA_HA_E(idTipoMembresia),
    CONSTRAINT fk_MembresiaServicioServicio FOREIGN KEY (idServicios) REFERENCES SERVICIOS_HA_E(idServicios),
    CONSTRAINT chk_CantidadGratuitaServicio CHECK (CantidadGratuita >= 1)
);
--MEMBRESÍA BÁSICA 
INSERT INTO MEMBRESIA_SERVICIO_HA_E VALUES ('MEMSER0001','MEM0000001','SER0000001',1); -- Corte
INSERT INTO MEMBRESIA_SERVICIO_HA_E VALUES ('MEMSER0002','MEM0000001','SER0000006',1); -- Manicure
--MEMBRESÍA ESTÁNDAR
INSERT INTO MEMBRESIA_SERVICIO_HA_E VALUES ('MEMSER0003','MEM0000002','SER0000001',1); -- Corte
INSERT INTO MEMBRESIA_SERVICIO_HA_E VALUES ('MEMSER0004','MEM0000002','SER0000002',1); -- Peinado
INSERT INTO MEMBRESIA_SERVICIO_HA_E VALUES ('MEMSER0005','MEM0000002','SER0000006',2); -- Manicure
--MEMBRESÍA PREMIU
INSERT INTO MEMBRESIA_SERVICIO_HA_E VALUES ('MEMSER0006','MEM0000003','SER0000003',2); -- Tinte
INSERT INTO MEMBRESIA_SERVICIO_HA_E VALUES ('MEMSER0007','MEM0000003','SER0000005',2); -- Facial
INSERT INTO MEMBRESIA_SERVICIO_HA_E VALUES ('MEMSER0008','MEM0000003','SER0000006',2); -- Manicure
--MEMBRESÍA PLATINUM
INSERT INTO MEMBRESIA_SERVICIO_HA_E VALUES ('MEMSER0009','MEM0000004','SER0000003',3); -- Tinte
INSERT INTO MEMBRESIA_SERVICIO_HA_E VALUES ('MEMSER0010','MEM0000004','SER0000005',3); -- Facial
INSERT INTO MEMBRESIA_SERVICIO_HA_E VALUES ('MEMSER0011','MEM0000004','SER0000007',3); -- Depilación
INSERT INTO MEMBRESIA_SERVICIO_HA_E VALUES ('MEMSER0012','MEM0000004','SER0000002',2); -- Peinado

CREATE TABLE PAGOS_HA_E (
    idPago char(10) PRIMARY KEY NOT NULL,
    idCliente char(10) NOT NULL,
    idCita char(10) NOT NULL,
    idCupon char (10) NULL,
    Fecha DATE,
    Adelanto number (5,2),
    Estado number (1),
    
    CONSTRAINT chk_estado_PAGOS CHECK (Estado IN (1, 0)),
    CONSTRAINT fk_idcliente_PAGOS FOREIGN KEY (idCliente) REFERENCES CLIENTES_HA_E (idCliente),
    CONSTRAINT fk_idCita_PAGOS FOREIGN KEY (idCita) REFERENCES CITAS_HA_E (idCita),
    CONSTRAINT fk_idCupon_PAGOS FOREIGN KEY (idCupon) REFERENCES CUPONES_HA_E (idCupon)
    
);
INSERT INTO PAGOS_HA_E VALUES ('PAG0000001','CLI0000001','CIT0000001',NULL,TO_DATE('05/03/2026','DD/MM/YYYY'),0,1);
INSERT INTO PAGOS_HA_E VALUES ('PAG0000002','CLI0000002','CIT0000002','CUP0000002',TO_DATE('06/03/2026','DD/MM/YYYY'),10,1);
INSERT INTO PAGOS_HA_E VALUES ('PAG0000003','CLI0000003','CIT0000003',NULL,TO_DATE('07/03/2026','DD/MM/YYYY'),15,1);
INSERT INTO PAGOS_HA_E VALUES ('PAG0000004','CLI0000004','CIT0000004','CUP0000001',TO_DATE('08/03/2026','DD/MM/YYYY'),0,1);
INSERT INTO PAGOS_HA_E VALUES ('PAG0000005','CLI0000005','CIT0000005',NULL,TO_DATE('09/03/2026','DD/MM/YYYY'),20,1);
INSERT INTO PAGOS_HA_E VALUES ('PAG0000006','CLI0000006','CIT0000006','CUP0000003',TO_DATE('10/03/2026','DD/MM/YYYY'),0,1);
INSERT INTO PAGOS_HA_E VALUES ('PAG0000007','CLI0000007','CIT0000007',NULL,TO_DATE('11/03/2026','DD/MM/YYYY'),10,1);
INSERT INTO PAGOS_HA_E VALUES ('PAG0000008','CLI0000008','CIT0000008','CUP0000002',TO_DATE('12/03/2026','DD/MM/YYYY'),0,1);
INSERT INTO PAGOS_HA_E VALUES ('PAG0000009','CLI0000009','CIT0000009',NULL,TO_DATE('13/03/2026','DD/MM/YYYY'),5,1);
INSERT INTO PAGOS_HA_E VALUES ('PAG0000010','CLI0000010','CIT0000010','CUP0000001',TO_DATE('14/03/2026','DD/MM/YYYY'),0,1);


CREATE TABLE MOVIMIENTO_STOCK_HA_E (
    idMovimientoStock   CHAR(10) PRIMARY KEY,
    idProducto          CHAR(10) NOT NULL,
    idCita              CHAR(10),
    TipoMovimiento      VARCHAR2(50),
    Descripcion         VARCHAR2(250),
    Cantidad            NUMBER(2) NOT NULL,
    Fecha               DATE NOT NULL,
    CONSTRAINT fk_MovimientoStockProducto FOREIGN KEY (idProducto) REFERENCES PRODUCTOS_HA_E(idProducto),
    CONSTRAINT fk_MovimientoStockCita FOREIGN KEY (idCita) REFERENCES CITAS_HA_E(idCita),
    CONSTRAINT chk_TipoMovimientoStock CHECK (TipoMovimiento IN ('PRODUCTO ADQUIRIDO', 'CADUCADO', 'VACÍO', 'MERMADO', 'PRODUCTO EQUIVOCADO'))
);
INSERT INTO MOVIMIENTO_STOCK_HA_E VALUES ('MOV0000001','PROD000001',NULL,'PRODUCTO ADQUIRIDO','Compra de shampoo L’Oréal',10,TO_DATE('01/03/2026','DD/MM/YYYY'));
INSERT INTO MOVIMIENTO_STOCK_HA_E VALUES ('MOV0000002','PROD000002',NULL,'PRODUCTO ADQUIRIDO','Reposición mascarillas capilares',8,TO_DATE('02/03/2026','DD/MM/YYYY'));-- INGRESO DE PRODUCTOS 
INSERT INTO MOVIMIENTO_STOCK_HA_E VALUES ('MOV0000003','PROD000010',NULL,'PRODUCTO ADQUIRIDO','Ingreso cera depilatoria',15,TO_DATE('02/03/2026','DD/MM/YYYY'));

INSERT INTO MOVIMIENTO_STOCK_HA_E VALUES ('MOV0000004','PROD000001','CIT0000001','VACÍO','Uso de shampoo en servicio capilar',1,TO_DATE('05/03/2026','DD/MM/YYYY'));
INSERT INTO MOVIMIENTO_STOCK_HA_E VALUES ('MOV0000005','PROD000003','CIT0000002','MERMADO','Uso parcial de tinte en servicio',1,TO_DATE('06/03/2026','DD/MM/YYYY'));-- USO EN CITAS 
INSERT INTO MOVIMIENTO_STOCK_HA_E VALUES ('MOV0000006','PROD000010','CIT0000003','VACÍO','Uso de cera en depilación',2,TO_DATE('07/03/2026','DD/MM/YYYY'));
INSERT INTO MOVIMIENTO_STOCK_HA_E VALUES ('MOV0000007','PROD000011','CIT0000004','VACÍO','Uso esmalte manicure',1,TO_DATE('08/03/2026','DD/MM/YYYY'));
INSERT INTO MOVIMIENTO_STOCK_HA_E VALUES ('MOV0000008','PROD000007','CIT0000005','MERMADO','Uso crema facial en tratamiento',1,TO_DATE('09/03/2026','DD/MM/YYYY'));

INSERT INTO MOVIMIENTO_STOCK_HA_E VALUES ('MOV0000009','PROD000005','CIT0000006','PRODUCTO EQUIVOCADO','Se utilizó base incorrecta',1,TO_DATE('10/03/2026','DD/MM/YYYY'));-- PRODUCTOS MAL

INSERT INTO MOVIMIENTO_STOCK_HA_E VALUES ('MOV0000010','PROD000010',NULL,'CADUCADO','Cera vencida retirada del stock',3,TO_DATE('11/03/2026','DD/MM/YYYY'));-- PRODUCTOS CADUCADOS

INSERT INTO MOVIMIENTO_STOCK_HA_E VALUES ('MOV0000011','PROD000012',NULL,'MERMADO','Pérdida por manipulación',2,TO_DATE('12/03/2026','DD/MM/YYYY'));-- MERMAS 
INSERT INTO MOVIMIENTO_STOCK_HA_E VALUES ('MOV0000012','PROD000013',NULL,'MERMADO','Gel antibacterial derramado',1,TO_DATE('13/03/2026','DD/MM/YYYY'));


-- TABLAS CUATERNARIAS
CREATE TABLE USO_MEMBRESIA_HA_E (
    idUsoMembresia          CHAR(10) PRIMARY KEY,
    idSuscripcionMembresia  CHAR(10) NOT NULL,
    idMembresiaServicio     CHAR(10) NOT NULL,
    idDetalleCita           CHAR(14) NOT NULL,
    CONSTRAINT UsoMembresiaSuscripcion FOREIGN KEY (idSuscripcionMembresia) REFERENCES SUSCRIPCION_MEMBRESIA_HA_E(idSuscripcionMembresia),
    CONSTRAINT UsoMembresiaServicio FOREIGN KEY (idMembresiaServicio) REFERENCES MEMBRESIA_SERVICIO_HA_E(idMembresiaServicio),
    CONSTRAINT UsoMembresiaDetalleCita FOREIGN KEY (idDetalleCita) REFERENCES DETALLE_CITA_HA_E(idDetalleCita)
);
INSERT INTO USO_MEMBRESIA_HA_E VALUES ('USO0000001','SUS0000001','MEMSER0001','DET0000000001');
INSERT INTO USO_MEMBRESIA_HA_E VALUES ('USO0000002','SUS0000002','MEMSER0002','DET0000000003');
INSERT INTO USO_MEMBRESIA_HA_E VALUES ('USO0000003','SUS0000003','MEMSER0003','DET0000000005');
INSERT INTO USO_MEMBRESIA_HA_E VALUES ('USO0000004','SUS0000004','MEMSER0004','DET0000000007');
INSERT INTO USO_MEMBRESIA_HA_E VALUES ('USO0000005','SUS0000005','MEMSER0005','DET0000000009');

CREATE TABLE RECLAMOS_HA_E (
    idReclamo char(10) PRIMARY KEY NOT NULL,
    idCliente char(10) NOT NULL,
    idDetalleCita char(14) NOT NULL,
    FechaReclamo DATE,
    TipoReclamo varchar2(40),
    Descripcion varchar2(40),
    FechaRespuesta DATE,
    Respuesta varchar2(40),
    Estado number(1),

    CONSTRAINT chk_estado_RECLAMOS CHECK (Estado IN (1, 0)),
    CONSTRAINT fk_idcliente_RECLAMOS FOREIGN KEY (idCliente) REFERENCES CLIENTES_HA_E(idCliente),
    CONSTRAINT fk_iddetalleCita_RECLAMOS FOREIGN KEY (idDetalleCita) REFERENCES DETALLE_CITA_HA_E(idDetalleCita)
);
INSERT INTO RECLAMOS_HA_E VALUES ('REC0000001','CLI0000003','DET0000000005',TO_DATE('10/03/2026','DD/MM/YYYY'),
'SERVICIO DEFICIENTE','Cliente no quedó satisfecho',TO_DATE('12/03/2026','DD/MM/YYYY'),'Se ofreció repetición del servicio',1);

INSERT INTO RECLAMOS_HA_E VALUES ('REC0000002','CLI0000006','DET0000000008',TO_DATE('11/03/2026','DD/MM/YYYY'),
'RETRASO','Demora en atención',TO_DATE('11/03/2026','DD/MM/YYYY'),'Se pidió disculpas',1);

INSERT INTO RECLAMOS_HA_E VALUES ('REC0000003','CLI0000009','DET0000000012',TO_DATE('14/03/2026','DD/MM/YYYY'),
'PRODUCTO','Reacción a producto',TO_DATE('15/03/2026','DD/MM/YYYY'),'Se recomendó tratamiento alternativo',1);

CREATE TABLE COMPROBANTES_HA_E (
    idComprobantes char(10) PRIMARY KEY NOT NULL,
    idPago char(10) NOT NULL,
    TipoComprobante varchar2(15), -- boleta, factura
    Total number (6,2),
    
    CONSTRAINT chk_tipoComprobante_COMPROBANTES CHECK (TipoComprobante IN ('BOLETA','FACTURA')),
    CONSTRAINT fk_idpago_COMPROBANTES FOREIGN KEY (idPago) REFERENCES PAGOS_HA_E (idPago)
);
INSERT INTO COMPROBANTES_HA_E VALUES ('COM0000001','PAG0000001','BOLETA',92);-- CLIENTE 1
INSERT INTO COMPROBANTES_HA_E VALUES ('COM0000002','PAG0000002','FACTURA',85);-- CLIENTE 2
INSERT INTO COMPROBANTES_HA_E VALUES ('COM0000003','PAG0000003','BOLETA',78);-- CLIENTE 3
INSERT INTO COMPROBANTES_HA_E VALUES ('COM0000004','PAG0000004','BOLETA',65);-- CLIENTE 4
INSERT INTO COMPROBANTES_HA_E VALUES ('COM0000005','PAG0000005','FACTURA',110);-- CLIENTE 5
INSERT INTO COMPROBANTES_HA_E VALUES ('COM0000006','PAG0000006','BOLETA',90);-- CLIENTE 6
INSERT INTO COMPROBANTES_HA_E VALUES ('COM0000007','PAG0000007','BOLETA',75);-- CLIENTE 7
INSERT INTO COMPROBANTES_HA_E VALUES ('COM0000008','PAG0000008','FACTURA',120);-- CLIENTE 8
INSERT INTO COMPROBANTES_HA_E VALUES ('COM0000009','PAG0000009','BOLETA',60);-- CLIENTE 9
INSERT INTO COMPROBANTES_HA_E VALUES ('COM0000010','PAG0000010','BOLETA',95);-- CLIENTE 10
    
    
CREATE TABLE DETALLE_PAGO_HA_E (
    idDetallePago char(14) PRIMARY KEY NOT NULL,
    idPago char(10) NOT NULL,
    idMedioPago char(10) NOT NULL,
    MontoPagado number (6,2),
    
    CONSTRAINT fk_idpago_DETALLE FOREIGN KEY (idPago) REFERENCES PAGOS_HA_E(idPago),
    CONSTRAINT fk_idmediopago_DETALLE FOREIGN KEY (idMedioPago) REFERENCES MEDIOS_PAGO_HA_E(idMedioPago)
);
INSERT INTO DETALLE_PAGO_HA_E VALUES ('DP00000000001','PAG0000001','MP00000001',50);
INSERT INTO DETALLE_PAGO_HA_E VALUES ('DP00000000002','PAG0000001','MP00000002',42);

INSERT INTO DETALLE_PAGO_HA_E VALUES ('DP00000000003','PAG0000002','MP00000003',85);

INSERT INTO DETALLE_PAGO_HA_E VALUES ('DP00000000004','PAG0000003','MP00000001',78);

INSERT INTO DETALLE_PAGO_HA_E VALUES ('DP00000000005','PAG0000004','MP00000004',65);

INSERT INTO DETALLE_PAGO_HA_E VALUES ('DP00000000006','PAG0000005','MP00000002',60);
INSERT INTO DETALLE_PAGO_HA_E VALUES ('DP00000000007','PAG0000005','MP00000001',50);

INSERT INTO DETALLE_PAGO_HA_E VALUES ('DP00000000008','PAG0000006','MP00000003',90);

INSERT INTO DETALLE_PAGO_HA_E VALUES ('DP00000000009','PAG0000007','MP00000001',75);

INSERT INTO DETALLE_PAGO_HA_E VALUES ('DP00000000010','PAG0000008','MP00000004',120);

INSERT INTO DETALLE_PAGO_HA_E VALUES ('DP00000000011','PAG0000009','MP00000002',60);

INSERT INTO DETALLE_PAGO_HA_E VALUES ('DP00000000012','PAG0000010','MP00000003',95);


SELECT *FROM ESPECIALIDADES_HA_E;
SELECT * FROM ESPECIALIDADES_HA_E 
WHERE idEspecialidad IN ('6','7');
DELETE FROM ESPECIALIDADES_HA_E 
WHERE idEspecialidad IN ('6','7');

COMMIT;
    SELECT * FROM ESPECIALIDADES_HA_E;

SELECT CLIENTES_HA_E.Nombres
FROM CLIENTES_HA_E
INNER JOIN SUSCRIPCION_MEMBRESIA_HA_E
ON CLIENTES_HA_E.idCliente = SUSCRIPCION_MEMBRESIA_HA_E.idCliente
INNER JOIN SUSCRIPCION_MEMBRESIA_HA_E
ON SUSCRIPCION_MEMBRESIA_HA_E.idTipoMembresia = TIPOS_MEMBRESIAS_HA_E.idTipoMembresia
WHERE SUSCRIPCION_MEMBRESIA_HA_E.Estado = 1;
























